{"Generator Loss": 0.5238536948507483, "Discriminator Loss": 0.2808958874507384, "_timestamp": 1692176629.2933109, "_runtime": 1089.2486078739166, "_step": 10, "_wandb": {"runtime": 1123}}