{"Generator Loss": 0.13205733353441412, "Discriminator Loss": 0.0007325186607803599, "_timestamp": 1692187754.814871, "_runtime": 10671.570358991623, "_step": 49, "_wandb": {"runtime": 10670}}